{
  "cohort": "TK",
  "protocol": "identity-disjoint, gallery/probe разные сессии, crop=birefnet_label(none)",
  "random_top1": 0.02,
  "note": "global-бейзлайны на тех же кропах, что ядро; McNemar c>b => ядро бьёт бейзлайн",
  "methods": {
    "core_sift_affine": {
      "single": {
        "micro_recall": {
          "1": 0.7,
          "5": 0.85,
          "10": 0.91
        },
        "macro_recall": {
          "1": 0.7810267857142856,
          "5": 0.888095238095238,
          "10": 0.9412946428571429
        },
        "frr": {
          "1": 0.30000000000000004,
          "5": 0.15000000000000002,
          "10": 0.08999999999999997
        },
        "n_probe": 100,
        "n_identity": 32,
        "wilson@1": [
          0.7,
          0.604,
          0.781
        ],
        "by_interval": {
          "1мес": {
            "r@1": 0.7,
            "r@5": 0.886,
            "r@10": 0.9
          },
          "2мес": {
            "r@1": 0.69,
            "r@5": 0.759,
            "r@10": 0.931
          },
          "3мес": {
            "r@1": 1.0,
            "r@5": 1.0,
            "r@10": 1.0
          }
        }
      },
      "rolling": {
        "micro_recall": {
          "1": 0.79,
          "5": 0.92,
          "10": 0.93
        },
        "macro_recall": {
          "1": 0.8699404761904762,
          "5": 0.9569196428571429,
          "10": 0.9613839285714286
        },
        "frr": {
          "1": 0.20999999999999996,
          "5": 0.07999999999999996,
          "10": 0.06999999999999995
        },
        "n_probe": 100,
        "n_identity": 32,
        "wilson@1": [
          0.79,
          0.7,
          0.858
        ],
        "by_interval": {
          "1мес": {
            "r@1": 0.7,
            "r@5": 0.886,
            "r@10": 0.9
          },
          "2мес": {
            "r@1": 1.0,
            "r@5": 1.0,
            "r@10": 1.0
          },
          "3мес": {
            "r@1": 1.0,
            "r@5": 1.0,
            "r@10": 1.0
          }
        }
      }
    },
    "megadescriptor": {
      "single": {
        "micro_recall": {
          "1": 0.12,
          "5": 0.43,
          "10": 0.58
        },
        "macro_recall": {
          "1": 0.12410714285714286,
          "5": 0.4017857142857143,
          "10": 0.5151041666666667
        },
        "frr": {
          "1": 0.88,
          "5": 0.5700000000000001,
          "10": 0.42000000000000004
        },
        "n_probe": 100,
        "n_identity": 32,
        "wilson@1": [
          0.12,
          0.07,
          0.198
        ],
        "by_interval": {
          "1мес": {
            "r@1": 0.143,
            "r@5": 0.471,
            "r@10": 0.629
          },
          "2мес": {
            "r@1": 0.069,
            "r@5": 0.31,
            "r@10": 0.448
          },
          "3мес": {
            "r@1": 0.0,
            "r@5": 1.0,
            "r@10": 1.0
          }
        },
        "mcnemar_vs_core@1": {
          "b": 4,
          "c": 62,
          "p": 0.0
        }
      },
      "rolling": {
        "micro_recall": {
          "1": 0.3,
          "5": 0.58,
          "10": 0.73
        },
        "macro_recall": {
          "1": 0.32291666666666663,
          "5": 0.586235119047619,
          "10": 0.7357142857142858
        },
        "frr": {
          "1": 0.7,
          "5": 0.42000000000000004,
          "10": 0.27
        },
        "n_probe": 100,
        "n_identity": 32,
        "wilson@1": [
          0.3,
          0.219,
          0.396
        ],
        "by_interval": {
          "1мес": {
            "r@1": 0.143,
            "r@5": 0.443,
            "r@10": 0.629
          },
          "2мес": {
            "r@1": 0.69,
            "r@5": 0.931,
            "r@10": 0.966
          },
          "3мес": {
            "r@1": 0.0,
            "r@5": 0.0,
            "r@10": 1.0
          }
        },
        "mcnemar_vs_core@1": {
          "b": 3,
          "c": 52,
          "p": 0.0
        }
      }
    },
    "dinov2": {
      "single": {
        "micro_recall": {
          "1": 0.13,
          "5": 0.29,
          "10": 0.43
        },
        "macro_recall": {
          "1": 0.11875,
          "5": 0.3087797619047619,
          "10": 0.45342261904761905
        },
        "frr": {
          "1": 0.87,
          "5": 0.71,
          "10": 0.5700000000000001
        },
        "n_probe": 100,
        "n_identity": 32,
        "wilson@1": [
          0.13,
          0.078,
          0.21
        ],
        "by_interval": {
          "1мес": {
            "r@1": 0.143,
            "r@5": 0.3,
            "r@10": 0.443
          },
          "2мес": {
            "r@1": 0.103,
            "r@5": 0.276,
            "r@10": 0.379
          },
          "3мес": {
            "r@1": 0.0,
            "r@5": 0.0,
            "r@10": 1.0
          }
        },
        "mcnemar_vs_core@1": {
          "b": 0,
          "c": 57,
          "p": 0.0
        }
      },
      "rolling": {
        "micro_recall": {
          "1": 0.17,
          "5": 0.4,
          "10": 0.56
        },
        "macro_recall": {
          "1": 0.17894345238095238,
          "5": 0.45572916666666663,
          "10": 0.6222470238095238
        },
        "frr": {
          "1": 0.83,
          "5": 0.6,
          "10": 0.43999999999999995
        },
        "n_probe": 100,
        "n_identity": 32,
        "wilson@1": [
          0.17,
          0.109,
          0.255
        ],
        "by_interval": {
          "1мес": {
            "r@1": 0.1,
            "r@5": 0.286,
            "r@10": 0.443
          },
          "2мес": {
            "r@1": 0.345,
            "r@5": 0.69,
            "r@10": 0.862
          },
          "3мес": {
            "r@1": 0.0,
            "r@5": 0.0,
            "r@10": 0.0
          }
        },
        "mcnemar_vs_core@1": {
          "b": 0,
          "c": 62,
          "p": 0.0
        }
      }
    }
  }
}