{
  "cohort": "TK",
  "protocol": "identity-disjoint, gallery/probe разные сессии, crop=birefnet_label(none)",
  "random_top1": 0.022,
  "note": "global-бейзлайны на тех же кропах, что ядро; McNemar c>b => ядро бьёт бейзлайн",
  "methods": {
    "core_sift_affine": {
      "single": {
        "micro_recall": {
          "1": 0.6288659793814433,
          "5": 0.7835051546391752,
          "10": 0.8865979381443299
        },
        "macro_recall": {
          "1": 0.6481481481481481,
          "5": 0.8059964726631393,
          "10": 0.8750734861845972
        },
        "frr": {
          "1": 0.3711340206185567,
          "5": 0.21649484536082475,
          "10": 0.11340206185567014
        },
        "n_probe": 97,
        "n_identity": 27,
        "wilson@1": [
          0.629,
          0.53,
          0.718
        ],
        "by_interval": {
          "1мес": {
            "r@1": 0.657,
            "r@5": 0.8,
            "r@10": 0.9
          },
          "2мес": {
            "r@1": 0.556,
            "r@5": 0.741,
            "r@10": 0.852
          }
        }
      },
      "rolling": {
        "micro_recall": {
          "1": 0.7525773195876289,
          "5": 0.8556701030927835,
          "10": 0.9278350515463918
        },
        "macro_recall": {
          "1": 0.8180482069370959,
          "5": 0.8833039388594943,
          "10": 0.9359200470311583
        },
        "frr": {
          "1": 0.24742268041237114,
          "5": 0.14432989690721654,
          "10": 0.07216494845360821
        },
        "n_probe": 97,
        "n_identity": 27,
        "wilson@1": [
          0.753,
          0.658,
          0.828
        ],
        "by_interval": {
          "1мес": {
            "r@1": 0.657,
            "r@5": 0.8,
            "r@10": 0.9
          },
          "2мес": {
            "r@1": 1.0,
            "r@5": 1.0,
            "r@10": 1.0
          }
        }
      }
    },
    "megadescriptor": {
      "single": {
        "micro_recall": {
          "1": 0.16494845360824742,
          "5": 0.35051546391752575,
          "10": 0.6701030927835051
        },
        "macro_recall": {
          "1": 0.14592886537330982,
          "5": 0.3240152851263962,
          "10": 0.572310405643739
        },
        "frr": {
          "1": 0.8350515463917526,
          "5": 0.6494845360824743,
          "10": 0.3298969072164949
        },
        "n_probe": 97,
        "n_identity": 27,
        "wilson@1": [
          0.165,
          0.104,
          0.251
        ],
        "by_interval": {
          "1мес": {
            "r@1": 0.2,
            "r@5": 0.414,
            "r@10": 0.757
          },
          "2мес": {
            "r@1": 0.074,
            "r@5": 0.185,
            "r@10": 0.444
          }
        },
        "mcnemar_vs_core@1": {
          "b": 3,
          "c": 48,
          "p": 0.0
        }
      },
      "rolling": {
        "micro_recall": {
          "1": 0.24742268041237114,
          "5": 0.5051546391752577,
          "10": 0.7835051546391752
        },
        "macro_recall": {
          "1": 0.23049676660787774,
          "5": 0.5299235743680187,
          "10": 0.7380952380952381
        },
        "frr": {
          "1": 0.7525773195876289,
          "5": 0.4948453608247423,
          "10": 0.21649484536082475
        },
        "n_probe": 97,
        "n_identity": 27,
        "wilson@1": [
          0.247,
          0.172,
          0.342
        ],
        "by_interval": {
          "1мес": {
            "r@1": 0.2,
            "r@5": 0.414,
            "r@10": 0.757
          },
          "2мес": {
            "r@1": 0.37,
            "r@5": 0.741,
            "r@10": 0.852
          }
        },
        "mcnemar_vs_core@1": {
          "b": 3,
          "c": 52,
          "p": 0.0
        }
      }
    },
    "dinov2": {
      "single": {
        "micro_recall": {
          "1": 0.08247422680412371,
          "5": 0.2268041237113402,
          "10": 0.36082474226804123
        },
        "macro_recall": {
          "1": 0.07921810699588477,
          "5": 0.23214285714285715,
          "10": 0.36948853615520283
        },
        "frr": {
          "1": 0.9175257731958762,
          "5": 0.7731958762886598,
          "10": 0.6391752577319587
        },
        "n_probe": 97,
        "n_identity": 27,
        "wilson@1": [
          0.082,
          0.042,
          0.154
        ],
        "by_interval": {
          "1мес": {
            "r@1": 0.086,
            "r@5": 0.243,
            "r@10": 0.371
          },
          "2мес": {
            "r@1": 0.074,
            "r@5": 0.185,
            "r@10": 0.333
          }
        },
        "mcnemar_vs_core@1": {
          "b": 1,
          "c": 54,
          "p": 0.0
        }
      },
      "rolling": {
        "micro_recall": {
          "1": 0.16494845360824742,
          "5": 0.3402061855670103,
          "10": 0.4639175257731959
        },
        "macro_recall": {
          "1": 0.1678424456202234,
          "5": 0.3660934744268078,
          "10": 0.5029247501469724
        },
        "frr": {
          "1": 0.8350515463917526,
          "5": 0.6597938144329897,
          "10": 0.5360824742268041
        },
        "n_probe": 97,
        "n_identity": 27,
        "wilson@1": [
          0.165,
          0.104,
          0.251
        ],
        "by_interval": {
          "1мес": {
            "r@1": 0.086,
            "r@5": 0.243,
            "r@10": 0.371
          },
          "2мес": {
            "r@1": 0.37,
            "r@5": 0.593,
            "r@10": 0.704
          }
        },
        "mcnemar_vs_core@1": {
          "b": 1,
          "c": 58,
          "p": 0.0
        }
      }
    }
  }
}