{
  "cohort": "TK",
  "n_ref_identities": 51,
  "random_top1": 0.02,
  "modes": {
    "single": {
      "micro_recall": {
        "1": 0.7,
        "5": 0.85,
        "10": 0.91
      },
      "macro_recall": {
        "1": 0.7810267857142856,
        "5": 0.888095238095238,
        "10": 0.9412946428571429
      },
      "frr": {
        "1": 0.30000000000000004,
        "5": 0.15000000000000002,
        "10": 0.08999999999999997
      },
      "n_probe": 100,
      "n_identity": 32,
      "wilson@1": [
        0.7,
        0.604,
        0.781
      ],
      "by_interval": {
        "1мес": {
          "r@1": 0.7,
          "r@5": 0.886,
          "r@10": 0.9
        },
        "2мес": {
          "r@1": 0.69,
          "r@5": 0.759,
          "r@10": 0.931
        },
        "3мес": {
          "r@1": 1.0,
          "r@5": 1.0,
          "r@10": 1.0
        }
      }
    },
    "rolling": {
      "micro_recall": {
        "1": 0.79,
        "5": 0.92,
        "10": 0.93
      },
      "macro_recall": {
        "1": 0.8699404761904762,
        "5": 0.9569196428571429,
        "10": 0.9613839285714286
      },
      "frr": {
        "1": 0.20999999999999996,
        "5": 0.07999999999999996,
        "10": 0.06999999999999995
      },
      "n_probe": 100,
      "n_identity": 32,
      "wilson@1": [
        0.79,
        0.7,
        0.858
      ],
      "by_interval": {
        "1мес": {
          "r@1": 0.7,
          "r@5": 0.886,
          "r@10": 0.9
        },
        "2мес": {
          "r@1": 1.0,
          "r@5": 1.0,
          "r@10": 1.0
        },
        "3мес": {
          "r@1": 1.0,
          "r@5": 1.0,
          "r@10": 1.0
        }
      }
    }
  },
  "open_set": {
    "threshold": 9.0,
    "TAR": 0.67,
    "FAR": 0.0,
    "FRR": 0.33,
    "BAKS": 0.67,
    "BAUS": 1.0,
    "G": 0.819,
    "n_known": 100,
    "n_new": 17,
    "WARN": "n_new=17 — недомощно, dry-run; реальный open-set на sealed (Часть 11)"
  }
}