{
  "cohort": "LAB",
  "n_ref_identities": 21,
  "random_top1": 0.048,
  "modes": {
    "single": {
      "micro_recall": {
        "1": 0.1282051282051282,
        "5": 0.3974358974358974,
        "10": 0.6666666666666666
      },
      "macro_recall": {
        "1": 0.12380952380952381,
        "5": 0.38730158730158737,
        "10": 0.6507936507936508
      },
      "frr": {
        "1": 0.8717948717948718,
        "5": 0.6025641025641026,
        "10": 0.33333333333333337
      },
      "n_probe": 78,
      "n_identity": 21,
      "wilson@1": [
        0.128,
        0.071,
        0.22
      ],
      "by_interval": {
        "1мес": {
          "r@1": 0.227,
          "r@5": 0.545,
          "r@10": 0.727
        },
        "2мес": {
          "r@1": 0.095,
          "r@5": 0.476,
          "r@10": 0.619
        },
        "3мес": {
          "r@1": 0.143,
          "r@5": 0.238,
          "r@10": 0.524
        },
        "4мес": {
          "r@1": 0.0,
          "r@5": 0.286,
          "r@10": 0.857
        }
      }
    },
    "rolling": {
      "micro_recall": {
        "1": 0.6794871794871795,
        "5": 0.8076923076923077,
        "10": 0.9230769230769231
      },
      "macro_recall": {
        "1": 0.6706349206349206,
        "5": 0.7936507936507935,
        "10": 0.9166666666666666
      },
      "frr": {
        "1": 0.3205128205128205,
        "5": 0.1923076923076923,
        "10": 0.07692307692307687
      },
      "n_probe": 78,
      "n_identity": 21,
      "wilson@1": [
        0.679,
        0.57,
        0.773
      ],
      "by_interval": {
        "1мес": {
          "r@1": 0.227,
          "r@5": 0.5,
          "r@10": 0.727
        },
        "2мес": {
          "r@1": 0.667,
          "r@5": 0.81,
          "r@10": 1.0
        },
        "3мес": {
          "r@1": 0.952,
          "r@5": 1.0,
          "r@10": 1.0
        },
        "4мес": {
          "r@1": 1.0,
          "r@5": 1.0,
          "r@10": 1.0
        }
      }
    }
  }
}