{
  "cohort": "TK",
  "n_ref_identities": 46,
  "random_top1": 0.022,
  "modes": {
    "single": {
      "micro_recall": {
        "1": 0.6288659793814433,
        "5": 0.7835051546391752,
        "10": 0.8865979381443299
      },
      "macro_recall": {
        "1": 0.6481481481481481,
        "5": 0.8059964726631393,
        "10": 0.8750734861845972
      },
      "frr": {
        "1": 0.3711340206185567,
        "5": 0.21649484536082475,
        "10": 0.11340206185567014
      },
      "n_probe": 97,
      "n_identity": 27,
      "wilson@1": [
        0.629,
        0.53,
        0.718
      ],
      "by_interval": {
        "1мес": {
          "r@1": 0.657,
          "r@5": 0.8,
          "r@10": 0.9
        },
        "2мес": {
          "r@1": 0.556,
          "r@5": 0.741,
          "r@10": 0.852
        }
      }
    },
    "rolling": {
      "micro_recall": {
        "1": 0.7525773195876289,
        "5": 0.8556701030927835,
        "10": 0.9278350515463918
      },
      "macro_recall": {
        "1": 0.8180482069370959,
        "5": 0.8833039388594943,
        "10": 0.9359200470311583
      },
      "frr": {
        "1": 0.24742268041237114,
        "5": 0.14432989690721654,
        "10": 0.07216494845360821
      },
      "n_probe": 97,
      "n_identity": 27,
      "wilson@1": [
        0.753,
        0.658,
        0.828
      ],
      "by_interval": {
        "1мес": {
          "r@1": 0.657,
          "r@5": 0.8,
          "r@10": 0.9
        },
        "2мес": {
          "r@1": 1.0,
          "r@5": 1.0,
          "r@10": 1.0
        }
      }
    }
  },
  "open_set": {
    "threshold": 9.0,
    "TAR": 0.598,
    "FAR": 0.0,
    "FRR": 0.402,
    "BAKS": 0.598,
    "BAUS": 1.0,
    "G": 0.773,
    "n_known": 97,
    "n_new": 5,
    "WARN": "n_new=5 — недомощно, dry-run; реальный open-set на sealed (Часть 11)"
  }
}